"Unique ID",Category,Brand,Title,Description,"Product URL","Image URL",Availability,Condition,"Ship Weight","Ship Cost","Current Price"
59918,"Home & Garden / Hardware / Building Materials / Flooring",Kraus,"Kraus Danube EuroTile Collection: Silver 19.7"" x 19.7"" Carpet Tile 7041 04","Kraus Danube EuroTile Collection: Silver 19.7"" x 19.7"" Carpet Tile 7041 04",http://23.251.155.152/kraus-danube-eurotile-collection-silver-19-7-x-19-7-carpet-tile-7041-04/kraus/catalog_59918.htm?SID=g1jh47oor0s8htddin2mjrsjd0,http://23.251.155.152/pub/media/catalog/product/h/t/httpwww1.gowebpix.comefloors59918.jpg,"Out of Stock",New,,,1.7900
59920,"Home & Garden / Hardware / Building Materials / Flooring",Kraus,"Kraus Danube EuroTile Collection: Charcoal 19.7"" x 19.7"" Carpet Tile 7041 02","Kraus Danube EuroTile Collection: Charcoal 19.7"" x 19.7"" Carpet Tile 7041 02",http://23.251.155.152/kraus-danube-eurotile-collection-charcoal-19-7-x-19-7-carpet-tile-7041-02/kraus/catalog_59920.htm?SID=g1jh47oor0s8htddin2mjrsjd0,http://23.251.155.152/pub/media/catalog/product/h/t/httpwww1.gowebpix.comefloors59920.jpg,"Out of Stock",New,,,1.7900
59921,"Home & Garden / Hardware / Building Materials / Flooring",Kraus,"Kraus Danube EuroTile Collection: Brown 19.7"" x 19.7"" Carpet Tile 7041 01","Kraus Danube EuroTile Collection: Brown 19.7"" x 19.7"" Carpet Tile 7041 01",http://23.251.155.152/kraus-danube-eurotile-collection-brown-19-7-x-19-7-carpet-tile-7041-01/carpet-tile/kraus/catalog_59921.htm?SID=g1jh47oor0s8htddin2mjrsjd0,http://23.251.155.152/pub/media/catalog/product/h/t/httpwww1.gowebpix.comefloors59921.jpg,"Out of Stock",New,,,1.7900
59927,"Home & Garden / Hardware / Building Materials / Flooring",Kraus,"Kraus Trent EuroTile Collection: Rustic Taupe 19.7"" x 19.7"" Carpet Tile 7193 01","Kraus Trent EuroTile Collection: Rustic Taupe 19.7"" x 19.7"" Carpet Tile 7193 01",http://23.251.155.152/kraus-trent-eurotile-collection-rustic-taupe-19-7-x-19-7-carpet-tile-7193-01/kraus/catalog_59927.htm?SID=g1jh47oor0s8htddin2mjrsjd0,http://23.251.155.152/pub/media/catalog/product/h/t/httpwww1.gowebpix.comefloors59927.jpg,"Out of Stock",New,,,1.7900
59928,"Home & Garden / Hardware / Building Materials / Flooring",Kraus,"Kraus Trent EuroTile Collection: Old Silver 19.7"" x 19.7"" Carpet Tile 7193 04","Kraus Trent EuroTile Collection: Old Silver 19.7"" x 19.7"" Carpet Tile 7193 04",http://23.251.155.152/kraus-trent-eurotile-collection-old-silver-19-7-x-19-7-carpet-tile-7193-04/carpet-tile/kraus/catalog_59928.htm?SID=g1jh47oor0s8htddin2mjrsjd0,http://23.251.155.152/pub/media/catalog/product/h/t/httpwww1.gowebpix.comefloors59928.jpg,"Out of Stock",New,,,1.7900
10418,"Home & Garden / Hardware / Building Materials / Flooring",Laminate,"Tarkett Heritage: Oak Light 8mm Laminate 139385","Tarkett Heritage: Oak Light 8mm Laminate 139385",http://23.251.155.152/tarkett-heritage-oak-light-8mm-laminate-139385/tarkett/catalog_10418.htm?SID=g1jh47oor0s8htddin2mjrsjd0,http://23.251.155.152/pub/media/catalog/product/h/t/httpwww1.gowebpix.comefloors10418.jpg,"Out of Stock",New,27.0000,,1.9898
10419,"Home & Garden / Hardware / Building Materials / Flooring",Laminate,"Tarkett Heritage: Oak Brown 8mm Laminate 138382","Tarkett Heritage: Oak Brown 8mm Laminate 138382",http://23.251.155.152/tarkett-heritage-oak-brown-8mm-laminate-138382/tarkett/catalog_10419.htm?SID=g1jh47oor0s8htddin2mjrsjd0,http://23.251.155.152/pub/media/catalog/product/h/t/httpwww1.gowebpix.comefloors10419.jpg,"Out of Stock",New,0.0000,,1.9898
10416,"Home & Garden / Hardware / Building Materials / Flooring",Laminate,"Tarkett Heritage: Oak Rustic 8mm Laminate 140830","Tarkett Heritage: Oak Rustic 8mm Laminate 140830",http://23.251.155.152/tarkett-heritage-oak-rustic-8mm-laminate-140830/tarkett/catalog_10416.htm?SID=g1jh47oor0s8htddin2mjrsjd0,http://23.251.155.152/pub/media/catalog/product/h/t/httpwww1.gowebpix.comefloors10416.jpg,"Out of Stock",New,27.0000,,1.9898
10417,"Home & Garden / Hardware / Building Materials / Flooring",Laminate,"Tarkett Heritage: Oak Dark 8mm Laminate 138383","Tarkett Heritage: Oak Dark 8mm Laminate 138383",http://23.251.155.152/tarkett-heritage-oak-dark-8mm-laminate-138383/tarkett/catalog_10417.htm?SID=g1jh47oor0s8htddin2mjrsjd0,http://23.251.155.152/pub/media/catalog/product/h/t/httpwww1.gowebpix.comefloors10417.jpg,"Out of Stock",New,27.0000,,1.9898
10541,,"Molding Wall Base","Johnsonite Traditional Rubber Wall Base: TR1 Tannery - 4"" x 120' Roll ","Johnsonite Traditional Rubber Wall Base: TR1 Tannery - 4"" x 120' Roll ",http://23.251.155.152/johnsonite-traditional-rubber-wall-base-tr1-tannery-4-x-120-roll/johnsonite/catalog_10541.htm?SID=g1jh47oor0s8htddin2mjrsjd0,http://23.251.155.152/pub/media/catalog/productJohnsonite.jpg,"Out of Stock",New,42.0000,,108.0000
10542,,"Molding Wall Base","Johnsonite Traditional Rubber Wall Base: TA2 Saddlebrook - 4"" x 120' Roll ","Johnsonite Traditional Rubber Wall Base: TA2 Saddlebrook - 4"" x 120' Roll ",http://23.251.155.152/johnsonite-traditional-rubber-wall-base-ta2-saddlebrook-4-x-120-roll/johnsonite/catalog_10542.htm?SID=g1jh47oor0s8htddin2mjrsjd0,http://23.251.155.152/pub/media/catalog/productJohnsonite.jpg,"Out of Stock",New,42.0000,,108.0000
1301,,Hardwood,"Mohawk Rockford: T-Mold Oak Butterscotch - 84"" Long","Mohawk Rockford: T-Mold Oak Butterscotch - 84"" Long",http://23.251.155.152/mohawk-rockford-t-mold-oak-butterscotch-84-long/accessories/moldings-and-transitions-for-hardwood-floors/catalog_1301.htm?SID=g1jh47oor0s8htddin2mjrsjd0,http://23.251.155.152/pub/media/catalog/product/t/-/t-molding.gif,"Out of Stock",New,10.0000,,36.9900
10540,,"Molding Wall Base","Johnsonite Traditional Rubber Wall Base: Sawgrass 665 - 4"" x 120' Roll ","Johnsonite Traditional Rubber Wall Base: Sawgrass 665 - 4"" x 120' Roll ",http://23.251.155.152/johnsonite-traditional-rubber-wall-base-sawgrass-665-4-x-120-roll/johnsonite/catalog_10540.htm?SID=g1jh47oor0s8htddin2mjrsjd0,http://23.251.155.152/pub/media/catalog/productJohnsonite.jpg,"Out of Stock",New,42.0000,,108.0000
10077,,"Square Nose","Kahrs Spirit Collection: Square Nose Reducer Arctic Oak - 78"" Long","Kahrs Spirit Collection: Square Nose Reducer Arctic Oak - 78"" Long",http://23.251.155.152/kahrs-spirit-collection-square-nose-reducer-arctic-oak-78-long/hardwood/catalog_10077.htm?SID=g1jh47oor0s8htddin2mjrsjd0,http://23.251.155.152/pub/media/catalog/product/k/a/kahrssqrd.jpg,"Out of Stock",New,10.0000,,49.9900
1035,,Hardwood,"Bruce Turlington Plank Oak: Quarter Round - Cherry - 78"" Long","Bruce Turlington Plank Oak: Quarter Round - Cherry - 78"" Long",http://23.251.155.152//bruce-turlington-plank-oak-quarter-round-cherry-78-long/accessories/moldings-and-transitions-for-hardwood-floors/catalog_1035.htm?SID=g1jh47oor0s8htddin2mjrsjd0,http://23.251.155.152/pub/media/catalog/producthttp://www1.gowebpix.com/efloors/1035.jpg,"Out of Stock",New,10.0000,,11.9900
10381,,"Luxury Vinyl","USFloors Coretec Plus XL: T-mold Muir Oak Engineered Luxury Vinyl Plank with Cork Comfort - 94"" Long","USFloors Coretec Plus XL: T-mold Muir Oak Engineered Luxury Vinyl Plank with Cork Comfort - 94"" Long",http://23.251.155.152/usfloors-coretec-plus-xl-t-mold-muir-oak-engineered-luxury-vinyl-plank-with-cork-comfort-94-long/luxury-vinyl-tile/catalog_10381.htm?SID=g1jh47oor0s8htddin2mjrsjd0,http://23.251.155.152/pub/media/catalog/product/b/r/brucehardwoodtmold.jpg,"Out of Stock",New,10.0000,,49.9900
1039,,Hardwood,"Bruce Turlington Plank Oak: Threshold - Cherry 78"" Long","Bruce Turlington Plank Oak: Threshold - Cherry 78"" Long",http://23.251.155.152//bruce-turlington-plank-oak-threshold-cherry-78-long/accessories/moldings-and-transitions-for-hardwood-floors/catalog_1039.htm?SID=g1jh47oor0s8htddin2mjrsjd0,http://23.251.155.152/pub/media/catalog/producthttp://www1.gowebpix.com/efloors/1039.jpg,"Out of Stock",New,10.0000,,25.9900
10382,,"Luxury Vinyl","USFloors Coretec Plus XL: Stair Nose Muir Oak Engineered Luxury Vinyl Plank with Cork Comfort - 94"" Long","USFloors Coretec Plus XL: Stair Nose Muir Oak Engineered Luxury Vinyl Plank with Cork Comfort - 94"" Long",http://23.251.155.152/usfloors-coretec-plus-xl-stair-nose-muir-oak-engineered-luxury-vinyl-plank-with-cork-comfort-94-long/luxury-vinyl-tile/catalog_10382.htm?SID=g1jh47oor0s8htddin2mjrsjd0,http://23.251.155.152/pub/media/catalog/product/8/9/8969_200x200.jpg,"Out of Stock",New,10.0000,,49.9900
10406,,Adhesive,"Tarkett 100 Clear Thin Spread Adhesive 1 Gallon Bucket","Tarkett 100 Clear Thin Spread Adhesive 1 Gallon Bucket",http://23.251.155.152/tarkett-100-clear-thin-spread-adhesive-1-gallon-bucket/nafco-permastone/catalog_10406.htm?SID=g1jh47oor0s8htddin2mjrsjd0,http://23.251.155.152/pub/media/catalog/product/q/b/qbond.jpg,"Out of Stock",New,12.0000,,59.9900
10383,,"Luxury Vinyl","USFloors Coretec Plus XL: Reducer Muir Oak Engineered Luxury Vinyl Plank with Cork Comfort - 94"" Long","USFloors Coretec Plus XL: Reducer Muir Oak Engineered Luxury Vinyl Plank with Cork Comfort - 94"" Long",http://23.251.155.152//usfloors-coretec-plus-xl-reducer-muir-oak-engineered-luxury-vinyl-plank-with-cork-comfort-94-long/luxury-vinyl-tile/catalog_10383.htm?SID=g1jh47oor0s8htddin2mjrsjd0,http://23.251.155.152/pub/media/catalog/product/b/r/brucehardwoodreducer.jpg,"Out of Stock",New,10.0000,,49.9900
10385,,"Molding Wall Base","Johnsonite Traditional Vinyl Wall Base: Zephyr 31 - 4"" x 120' Roll ","Johnsonite Traditional Vinyl Wall Base: Zephyr 31 - 4"" x 120' Roll ",http://23.251.155.152/johnsonite-traditional-vinyl-wall-base-zephyr-31-4-x-120-roll/johnsonite/catalog_10385.htm?SID=g1jh47oor0s8htddin2mjrsjd0,http://23.251.155.152/pub/media/catalog/productJohnsonite.jpg,"Out of Stock",New,42.0000,,93.0000
1041,,Hardwood,"Bruce Turlington Plank Oak: Stair Nose - Cherry 78"" Long","Bruce Turlington Plank Oak: Stair Nose - Cherry 78"" Long",http://23.251.155.152//bruce-turlington-plank-oak-stair-nose-cherry-78-long/accessories/moldings-and-transitions-for-hardwood-floors/catalog_1041.htm?SID=g1jh47oor0s8htddin2mjrsjd0,http://23.251.155.152/pub/media/catalog/producthttp://www1.gowebpix.com/efloors/1041.jpg,"Out of Stock",New,10.0000,,35.9900
10225,,Tile,"Marazzi San Savino: Bullnose Greve - 3"" x 12""","Marazzi San Savino: Bullnose Greve - 3"" x 12""",http://23.251.155.152/marazzi-san-savino-bullnose-greve-3-x-12/tile/catalog_10225.htm?SID=g1jh47oor0s8htddin2mjrsjd0,http://23.251.155.152/pub/media/catalog/product/b/u/bullnose.jpg,"Out of Stock",New,10.0000,,3.4900
10443,,Hardwood,"LW Mountain Pre-Finished Hand-Scraped Oak: Stair Nose Golden Oak - 84"" Long","LW Mountain Pre-Finished Hand-Scraped Oak: Stair Nose Golden Oak - 84"" Long",http://23.251.155.152//lw-mountain-pre-finished-hand-scraped-oak-stair-nose-golden-oak-84-long/hardwood/catalog_10443.htm?SID=g1jh47oor0s8htddin2mjrsjd0,http://23.251.155.152/pub/media/catalog/product/b/r/brucehardwoodstairnose.jpg,"Out of Stock",New,10.0000,,45.9900
10293,,Tile,"Daltile Avondale: Bullnose West Tower - 3"" x 12""","Daltile Avondale: Bullnose West Tower - 3"" x 12""",http://23.251.155.152/daltile-avondale-bullnose-west-tower-3-x-12/tile/catalog_10293.htm?SID=g1jh47oor0s8htddin2mjrsjd0,http://23.251.155.152/pub/media/catalog/product/b/u/bullnose.jpg,"Out of Stock",New,10.0000,,4.7900
10937,,Grout,"Armstrong S-693 Premixed Grout Cornsilk 1 gallon bucket 0693408L12","Armstrong S-693 Premixed Grout Cornsilk 1 gallon bucket 0693408L12",http://23.251.155.152/armstrong-s-693-premixed-grout-cornsilk-1-gallon-bucket-0693408l12/armstrong-alterna/catalog_10937.htm?SID=g1jh47oor0s8htddin2mjrsjd0,http://23.251.155.152/pub/media/catalog/producthttp://www1.gowebpix.com/efloors/10937.jpg,"Out of Stock",New,12.0000,,59.9900
10236,,"Luxury Vinyl","USFloors Coretec Plus: Overlap Stair Nose Empire Slate Engineered Luxury Vinyl Tile with Cork Comfort - 94"" Long","USFloors Coretec Plus: Overlap Stair Nose Empire Slate Engineered Luxury Vinyl Tile with Cork Comfort - 94"" Long",http://23.251.155.152/usfloors-coretec-plus-overlap-stair-nose-empire-slate-engineered-luxury-vinyl-tile-with-cork-comfort-94-long/luxury-vinyl-tile/catalog_10236.htm?SID=g1jh47oor0s8htddin2mjrsjd0,http://23.251.155.152/pub/media/catalog/product/8/9/8969_200x200.jpg,"Out of Stock",New,10.0000,,49.9900
10262,,"Luxury Vinyl","Mannington Adura LockSolid: Reducer Maple Plank Honeytone - 78"" Long","Mannington Adura LockSolid: Reducer Maple Plank Honeytone - 78"" Long",http://23.251.155.152//mannington-adura-locksolid-reducer-maple-plank-honeytone-78-long/luxury-vinyl-tile/catalog_10262.htm?SID=g1jh47oor0s8htddin2mjrsjd0,http://23.251.155.152/pub/media/catalog/product/l/v/lvtrd.jpg,"Out of Stock",New,10.0000,,59.9900
10291,,Tile,"Daltile Avondale: Bullnose Chateau Creme - 3"" x 12""","Daltile Avondale: Bullnose Chateau Creme - 3"" x 12""",http://23.251.155.152/daltile-avondale-bullnose-chateau-creme-3-x-12/tile/catalog_10291.htm?SID=g1jh47oor0s8htddin2mjrsjd0,http://23.251.155.152/pub/media/catalog/product/b/u/bullnose.jpg,"Out of Stock",New,10.0000,,4.7900
107703,,"Luxury Vinyl","USFloors Coretec Plus: Reducer Kingswood Oak Engineered Luxury Vinyl Plank with Cork Comfort - 94"" Long","USFloors Coretec Plus: Reducer Kingswood Oak Engineered Luxury Vinyl Plank with Cork Comfort - 94"" Long",http://23.251.155.152//usfloors-coretec-plus-reducer-kingswood-oak-engineered-luxury-vinyl-plank-with-cork-comfort-94-long/luxury-vinyl-tile/catalog_107703.htm?SID=g1jh47oor0s8htddin2mjrsjd0,http://23.251.155.152/pub/media/catalog/product/b/r/brucehardwoodreducer.jpg,"Out of Stock",New,10.0000,,42.9900
107720,,"Luxury Vinyl","USFloors Coretec Plus: Reducer Ankara Travertine Engineered Luxury Vinyl Tile with Cork Comfort - 94"" Long","USFloors Coretec Plus: Reducer Ankara Travertine Engineered Luxury Vinyl Tile with Cork Comfort - 94"" Long",http://23.251.155.152//usfloors-coretec-plus-reducer-ankara-travertine-engineered-luxury-vinyl-tile-with-cork-comfort-94-long/luxury-vinyl-tile/catalog_107720.htm?SID=g1jh47oor0s8htddin2mjrsjd0,http://23.251.155.152/pub/media/catalog/product/b/r/brucehardwoodreducer.jpg,"Out of Stock",New,10.0000,,49.9900
10619,,Laminate,"Armstrong Rustics Premium: T-mold Reclaimed American Chestnut Sepia - 72"" Long","Armstrong Rustics Premium: T-mold Reclaimed American Chestnut Sepia - 72"" Long",http://23.251.155.152/armstrong-rustics-premium-t-mold-reclaimed-american-chestnut-sepia-72-long/laminate/catalog_10619.htm?SID=g1jh47oor0s8htddin2mjrsjd0,http://23.251.155.152/pub/media/catalog/productArmTMold.jpg,"Out of Stock",New,10.0000,,36.9900
107576,,Laminate,"Mannington Restoration Collection: Overlap Stair Nose Sawmill Hickory Leather - 94"" Long","Mannington Restoration Collection: Overlap Stair Nose Sawmill Hickory Leather - 94"" Long",http://23.251.155.152/mannington-restoration-collection-overlap-stair-nose-sawmill-hickory-leather-94-long/laminate/catalog_107576.htm?SID=g1jh47oor0s8htddin2mjrsjd0,http://23.251.155.152/pub/media/catalog/productLamStairnose.jpg,"Out of Stock",New,,,46.9900
107580,,Laminate,"Shaw Avenues: Reducer Limed Oak - 94"" Long","Shaw Avenues: Reducer Limed Oak - 94"" Long",http://23.251.155.152/shaw-avenues-reducer-limed-oak-94-long/laminate/catalog_107580.htm?SID=g1jh47oor0s8htddin2mjrsjd0,http://23.251.155.152/pub/media/catalog/productLamReducer.jpg,"Out of Stock",New,,,24.9900
107704,,Laminate,"Quick-Step Modello Collection: Quarter Round Mink Oak - 94.5"" Long","Quick-Step Modello Collection: Quarter Round Mink Oak - 94.5"" Long",http://23.251.155.152//quick-step-modello-collection-quarter-round-mink-oak-94-5-long/laminate/catalog_107704.htm?SID=g1jh47oor0s8htddin2mjrsjd0,http://23.251.155.152/pub/media/catalog/productQSQR.jpg,"Out of Stock",New,10.0000,,6.9900
107721,,"Luxury Vinyl","USFloors Coretec Plus: T-mold Amalfi Beige Engineered Luxury Vinyl Tile with Cork Comfort - 78"" Long","USFloors Coretec Plus: T-mold Amalfi Beige Engineered Luxury Vinyl Tile with Cork Comfort - 78"" Long",http://23.251.155.152/usfloors-coretec-plus-t-mold-amalfi-beige-engineered-luxury-vinyl-tile-with-cork-comfort-78-long/luxury-vinyl-tile/catalog_107721.htm?SID=g1jh47oor0s8htddin2mjrsjd0,http://23.251.155.152/pub/media/catalog/product/b/r/brucehardwoodtmold.jpg,"Out of Stock",New,10.0000,,49.9900
10627,,Laminate,"Armstrong Rustics Premium: Quarter Round Reclaimed American Chestnut Sepia - 94"" Long","Armstrong Rustics Premium: Quarter Round Reclaimed American Chestnut Sepia - 94"" Long",http://23.251.155.152//armstrong-rustics-premium-quarter-round-reclaimed-american-chestnut-sepia-94-long/laminate/catalog_10627.htm?SID=g1jh47oor0s8htddin2mjrsjd0,http://23.251.155.152/pub/media/catalog/productArmQtrRnd.jpg,"Out of Stock",New,10.0000,,19.9900
107577,,Laminate,"Mannington Coordinations Collection: T-mold Zanzibar Paprika - 94"" Long","Mannington Coordinations Collection: T-mold Zanzibar Paprika - 94"" Long",http://23.251.155.152/mannington-coordinations-collection-t-mold-zanzibar-paprika-94-long/laminate/catalog_107577.htm?SID=g1jh47oor0s8htddin2mjrsjd0,http://23.251.155.152/pub/media/catalog/productLamTMolding.jpg,"Out of Stock",New,,,27.9900
107581,,Laminate,"Shaw Avenues: Quarter Round Limed Oak - 94"" Long","Shaw Avenues: Quarter Round Limed Oak - 94"" Long",http://23.251.155.152//shaw-avenues-quarter-round-limed-oak-94-long/laminate/catalog_107581.htm?SID=g1jh47oor0s8htddin2mjrsjd0,http://23.251.155.152/pub/media/catalog/productLamQuartRound.jpg,"Out of Stock",New,,,7.9900
107585,,"Luxury Vinyl","Mannington Adura LockSolid Luxury Vinyl Plank Spalted Georgian Maple: Reducer Natural - 78"" Long","Mannington Adura LockSolid Luxury Vinyl Plank Spalted Georgian Maple: Reducer Natural - 78"" Long",http://23.251.155.152//mannington-adura-locksolid-luxury-vinyl-plank-spalted-georgian-maple-reducer-natural-78-long/luxury-vinyl-tile/catalog_107585.htm?SID=g1jh47oor0s8htddin2mjrsjd0,http://23.251.155.152/pub/media/catalog/product/l/v/lvtrd.jpg,"Out of Stock",New,,,59.9900
107687,,"Luxury Vinyl","USFloors Coretec Plus: T-mold Kingswood Oak Engineered Luxury Vinyl Plank with Cork Comfort - 94"" Long","USFloors Coretec Plus: T-mold Kingswood Oak Engineered Luxury Vinyl Plank with Cork Comfort - 94"" Long",http://23.251.155.152/usfloors-coretec-plus-t-mold-kingswood-oak-engineered-luxury-vinyl-plank-with-cork-comfort-94-long/luxury-vinyl-tile/catalog_107687.htm?SID=g1jh47oor0s8htddin2mjrsjd0,http://23.251.155.152/pub/media/catalog/product/b/r/brucehardwoodtmold.jpg,"Out of Stock",New,10.0000,,42.9900
107718,,"Luxury Vinyl","USFloors Coretec Plus: T-mold Gold Coast Acacia Engineered Luxury Vinyl Plank with Cork Comfort - 94"" Long","USFloors Coretec Plus: T-mold Gold Coast Acacia Engineered Luxury Vinyl Plank with Cork Comfort - 94"" Long",http://23.251.155.152/usfloors-coretec-plus-t-mold-gold-coast-acacia-engineered-luxury-vinyl-plank-with-cork-comfort-94-long/luxury-vinyl-tile/catalog_107718.htm?SID=g1jh47oor0s8htddin2mjrsjd0,http://23.251.155.152/pub/media/catalog/product/b/r/brucehardwoodtmold.jpg,"Out of Stock",New,10.0000,,49.9900
107722,,"Luxury Vinyl","USFloors Coretec Plus: Reducer Amalfi Beige Engineered Luxury Vinyl Tile with Cork Comfort - 78"" Long","USFloors Coretec Plus: Reducer Amalfi Beige Engineered Luxury Vinyl Tile with Cork Comfort - 78"" Long",http://23.251.155.152//usfloors-coretec-plus-reducer-amalfi-beige-engineered-luxury-vinyl-tile-with-cork-comfort-78-long/luxury-vinyl-tile/catalog_107722.htm?SID=g1jh47oor0s8htddin2mjrsjd0,http://23.251.155.152/pub/media/catalog/product/b/r/brucehardwoodreducer.jpg,"Out of Stock",New,10.0000,,49.9900
11014,,Laminate,"Mannington Coordinations Carolina Heart Pine Stair Nose - 94"" Long","Mannington Coordinations Carolina Heart Pine Stair Nose - 94"" Long",http://23.251.155.152/mannington-coordinations-carolina-heart-pine-stair-nose-94-long/accessories/moldings-and-transitions-for-laminate-floors/catalog_11014.htm?SID=g1jh47oor0s8htddin2mjrsjd0,http://23.251.155.152/pub/media/catalog/productLamStairnose.jpg,"Out of Stock",New,10.0000,,39.9900
107578,,Laminate,"Shaw Avenues: T-mold Limed Oak - 94"" Long","Shaw Avenues: T-mold Limed Oak - 94"" Long",http://23.251.155.152/shaw-avenues-t-mold-limed-oak-94-long/laminate/catalog_107578.htm?SID=g1jh47oor0s8htddin2mjrsjd0,http://23.251.155.152/pub/media/catalog/productLamTMolding.jpg,"Out of Stock",New,,,24.9900
107590,,Hardwood,"Armstrong Beckford Plank: T-mold Bark - 78"" Long","Armstrong Beckford Plank: T-mold Bark - 78"" Long",http://23.251.155.152/armstrong-beckford-plank-t-mold-bark-78-long/hardwood/catalog_107590.htm?SID=g1jh47oor0s8htddin2mjrsjd0,http://23.251.155.152/pub/media/catalog/product/b/r/brucehardwoodtmold.jpg,"Out of Stock",New,,,32.9900
107693,,"Luxury Vinyl","USFloors Coretec Plus: Stair Nose Kingswood Oak Engineered Luxury Vinyl Plank with Cork Comfort - 94"" Long","USFloors Coretec Plus: Stair Nose Kingswood Oak Engineered Luxury Vinyl Plank with Cork Comfort - 94"" Long",http://23.251.155.152/usfloors-coretec-plus-stair-nose-kingswood-oak-engineered-luxury-vinyl-plank-with-cork-comfort-94-long/luxury-vinyl-tile/catalog_107693.htm?SID=g1jh47oor0s8htddin2mjrsjd0,http://23.251.155.152/pub/media/catalog/product/b/r/brucehardwoodstairnose.jpg,"Out of Stock",New,10.0000,,49.9900
107719,,"Luxury Vinyl","USFloors Coretec Plus: T-mold Ankara Travertine Engineered Luxury Vinyl Tile with Cork Comfort - 94"" Long","USFloors Coretec Plus: T-mold Ankara Travertine Engineered Luxury Vinyl Tile with Cork Comfort - 94"" Long",http://23.251.155.152/usfloors-coretec-plus-t-mold-ankara-travertine-engineered-luxury-vinyl-tile-with-cork-comfort-94-long/luxury-vinyl-tile/catalog_107719.htm?SID=g1jh47oor0s8htddin2mjrsjd0,http://23.251.155.152/pub/media/catalog/product/b/r/brucehardwoodtmold.jpg,"Out of Stock",New,10.0000,,49.9900
10703,,Adhesive,"Chapco Safe-Set 299 Premium Vinyl Tile Adhesive - 1 Gallon Bucket","Chapco Safe-Set 299 Premium Vinyl Tile Adhesive - 1 Gallon Bucket",http://23.251.155.152/chapco-safe-set-299-premium-vinyl-tile-adhesive-1-gallon-bucket/luxury-vinyl-tile/catalog_10703.htm?SID=g1jh47oor0s8htddin2mjrsjd0,http://23.251.155.152/pub/media/catalog/product/c/h/chap299.jpg,"Out of Stock",New,12.0000,,45.9900
10911,,Laminate,"Shaw Ancestry: T-mold Cask - 94"" Long","Shaw Ancestry: T-mold Cask - 94"" Long",http://23.251.155.152/shaw-ancestry-t-mold-cask-94-long/laminate/catalog_10911.htm?SID=g1jh47oor0s8htddin2mjrsjd0,http://23.251.155.152/pub/media/catalog/product/l/a/lamitm.jpg,"Out of Stock",New,,,22.8900
107579,,Laminate,"Shaw Avenues: Stair Nose Limed Oak - 94"" Long","Shaw Avenues: Stair Nose Limed Oak - 94"" Long",http://23.251.155.152/shaw-avenues-stair-nose-limed-oak-94-long/laminate/catalog_107579.htm?SID=g1jh47oor0s8htddin2mjrsjd0,http://23.251.155.152/pub/media/catalog/productLamStairNose.jpg,"Out of Stock",New,,,39.9900
107618,,"Luxury Vinyl","USFloors Coretec Plus: Reducer Amalfi Grey Engineered Luxury Vinyl Tile with Cork Comfort - 94"" Long","USFloors Coretec Plus: Reducer Amalfi Grey Engineered Luxury Vinyl Tile with Cork Comfort - 94"" Long",http://23.251.155.152//usfloors-coretec-plus-reducer-amalfi-grey-engineered-luxury-vinyl-tile-with-cork-comfort-94-long/luxury-vinyl-tile/catalog_107618.htm?SID=g1jh47oor0s8htddin2mjrsjd0,http://23.251.155.152/pub/media/catalog/product/b/r/brucehardwoodreducer.jpg,"Out of Stock",New,,,42.9900
107619,,Laminate,"Mannington Revolutions Plank Diamond Bay: Stair Nose Hawaiian Koa Aloha Gold - 94"" Long","Mannington Revolutions Plank Diamond Bay: Stair Nose Hawaiian Koa Aloha Gold - 94"" Long",http://23.251.155.152/mannington-revolutions-plank-diamond-bay-stair-nose-hawaiian-koa-aloha-gold-94-long/laminate/catalog_107619.htm?SID=g1jh47oor0s8htddin2mjrsjd0,http://23.251.155.152/pub/media/catalog/productLamStairNose.jpg,"Out of Stock",New,,,41.9900
107621,,"Luxury Vinyl","USFloors Coretec Plus: Threshold Amalfi Grey Engineered Luxury Vinyl Tile with Cork Comfort - 94"" Long","USFloors Coretec Plus: Threshold Amalfi Grey Engineered Luxury Vinyl Tile with Cork Comfort - 94"" Long",http://23.251.155.152//usfloors-coretec-plus-threshold-amalfi-grey-engineered-luxury-vinyl-tile-with-cork-comfort-94-long/luxury-vinyl-tile/catalog_107621.htm?SID=g1jh47oor0s8htddin2mjrsjd0,http://23.251.155.152/pub/media/catalog/product/b/r/brucehardwoodthreshold.jpg,"Out of Stock",New,,,49.9900
107622,,Laminate,"Mannington Coordinations Collection: T-mold Natural Berkshire Maple - 94"" Long","Mannington Coordinations Collection: T-mold Natural Berkshire Maple - 94"" Long",http://23.251.155.152/mannington-coordinations-collection-t-mold-natural-berkshire-maple-94-long/laminate/catalog_107622.htm?SID=g1jh47oor0s8htddin2mjrsjd0,http://23.251.155.152/pub/media/catalog/productLamTMolding.jpg,"Out of Stock",New,,,27.9900
107624,,Laminate,"Mannington Coordinations Collection: Overlap Stair Nose Natural Berkshire Maple - 94"" Long","Mannington Coordinations Collection: Overlap Stair Nose Natural Berkshire Maple - 94"" Long",http://23.251.155.152/mannington-coordinations-collection-overlap-stair-nose-natural-berkshire-maple-94-long/laminate/catalog_107624.htm?SID=g1jh47oor0s8htddin2mjrsjd0,http://23.251.155.152/pub/media/catalog/productLamStairNose.jpg,"Out of Stock",New,,,37.9900
10764,,Hardwood,"Bruce Kennedale Prestige Plank Maple: Stair Nose Cinnamon - 78"" Long","Bruce Kennedale Prestige Plank Maple: Stair Nose Cinnamon - 78"" Long",http://23.251.155.152//bruce-kennedale-prestige-plank-maple-stair-nose-cinnamon-78-long/hardwood/catalog_10764.htm?SID=g1jh47oor0s8htddin2mjrsjd0,http://23.251.155.152/pub/media/catalog/product/b/r/brucehardwoodstairnose.jpg,"Out of Stock",New,,,77.9900
107678,,Laminate,"Mohawk Blakely: Quarter Round Hickory Natural - 84"" Long","Mohawk Blakely: Quarter Round Hickory Natural - 84"" Long",http://23.251.155.152//mohawk-blakely-quarter-round-hickory-natural-84-long/laminate/catalog_107678.htm?SID=g1jh47oor0s8htddin2mjrsjd0,http://23.251.155.152/pub/media/catalog/product/q/u/quarter_round2.gif,"Out of Stock",New,,,9.9900
107625,,Laminate,"Mannington Coordinations Collection: Reducer Natural Berkshire Maple - 94"" Long","Mannington Coordinations Collection: Reducer Natural Berkshire Maple - 94"" Long",http://23.251.155.152/mannington-coordinations-collection-reducer-natural-berkshire-maple-94-long/laminate/catalog_107625.htm?SID=g1jh47oor0s8htddin2mjrsjd0,http://23.251.155.152/pub/media/catalog/productLamReducer.jpg,"Out of Stock",New,,,27.9900
107648,,"Luxury Vinyl","USFloors Coretec Plus: T-mold Boardwalk Oak Engineered Luxury Vinyl Plank with Cork Comfort - 94"" Long","USFloors Coretec Plus: T-mold Boardwalk Oak Engineered Luxury Vinyl Plank with Cork Comfort - 94"" Long",http://23.251.155.152/usfloors-coretec-plus-t-mold-boardwalk-oak-engineered-luxury-vinyl-plank-with-cork-comfort-94-long/luxury-vinyl-tile/catalog_107648.htm?SID=g1jh47oor0s8htddin2mjrsjd0,http://23.251.155.152/pub/media/catalog/product/b/r/brucehardwoodtmold.jpg,"Out of Stock",New,,,42.9900
10079,,Hardwood,"Kahrs Spirit Collection: Overlap Reducer Arctic Oak - 78"" Long","Kahrs Spirit Collection: Overlap Reducer Arctic Oak - 78"" Long",http://23.251.155.152//kahrs-spirit-collection-overlap-reducer-arctic-oak-78-long/hardwood/catalog_10079.htm?SID=g1jh47oor0s8htddin2mjrsjd0,http://23.251.155.152/pub/media/catalog/product/k/a/kahrssqrd.jpg,"Out of Stock",New,,,59.9900
107626,,Laminate,"Mannington Coordinations Collection: Quarter Round Natural Berkshire Maple - 94"" Long","Mannington Coordinations Collection: Quarter Round Natural Berkshire Maple - 94"" Long",http://23.251.155.152//mannington-coordinations-collection-quarter-round-natural-berkshire-maple-94-long/laminate/catalog_107626.htm?SID=g1jh47oor0s8htddin2mjrsjd0,http://23.251.155.152/pub/media/catalog/productLamQuartRound.jpg,"Out of Stock",New,,,12.9900
107649,,"Molding Wall Base","Johnsonite Traditional Vinyl Wall Base: Black 40 - 6"" x 120' Roll ","Johnsonite Traditional Vinyl Wall Base: Black 40 - 6"" x 120' Roll ",http://23.251.155.152/johnsonite-traditional-vinyl-wall-base-black-40-6-x-120-roll/accessories/johnsonite/catalog_107649.htm?SID=g1jh47oor0s8htddin2mjrsjd0,http://23.251.155.152/pub/media/catalog/productJohnsonite.jpg,"Out of Stock",New,,,149.9900
10099,,Adhesive,"USFloors Cork Underlayment Adhesive - 4 Gallon Bucket 30GT400","USFloors Cork Underlayment Adhesive - 4 Gallon Bucket 30GT400",http://23.251.155.152/usfloors-cork-underlayment-adhesive-4-gallon-bucket-30gt400/hardwood/catalog_10099.htm?SID=g1jh47oor0s8htddin2mjrsjd0,http://23.251.155.152/pub/media/catalog/product30GT400.jpg,"Out of Stock",New,,,59.9900
10763,,Hardwood,"Bruce Kennedale Prestige Plank Maple: T-mold Cinnamon - 78"" Long","Bruce Kennedale Prestige Plank Maple: T-mold Cinnamon - 78"" Long",http://23.251.155.152/bruce-kennedale-prestige-plank-maple-t-mold-cinnamon-78-long/hardwood/catalog_10763.htm?SID=g1jh47oor0s8htddin2mjrsjd0,http://23.251.155.152/pub/media/catalog/product/b/r/brucehardwoodtmold.jpg,"Out of Stock",New,,,42.9900
107677,,Laminate,"Mohawk Blakely: Stair Nose Hickory Natural - 84"" Long","Mohawk Blakely: Stair Nose Hickory Natural - 84"" Long",http://23.251.155.152/mohawk-blakely-stair-nose-hickory-natural-84-long/laminate/catalog_107677.htm?SID=g1jh47oor0s8htddin2mjrsjd0,http://23.251.155.152/pub/media/catalog/product/m/h/mhwsn.jpg,"Out of Stock",New,,,25.9900
10104,,Hardwood,"Armstrong American Scrape: Stair Nose Gold Rush - 78"" Long","Armstrong American Scrape: Stair Nose Gold Rush - 78"" Long",http://23.251.155.152//armstrong-american-scrape-stair-nose-gold-rush-78-long/hardwood/catalog_10104.htm?SID=g1jh47oor0s8htddin2mjrsjd0,http://23.251.155.152/pub/media/catalog/product/b/r/brucehardwoodstairnose.jpg,"Out of Stock",New,,,74.9900
10125,,Hardwood,"Kahrs Spirit Collection: Stair Nose Arctic Oak - 78"" Long","Kahrs Spirit Collection: Stair Nose Arctic Oak - 78"" Long",http://23.251.155.152//kahrs-spirit-collection-stair-nose-arctic-oak-78-long/hardwood/catalog_10125.htm?SID=g1jh47oor0s8htddin2mjrsjd0,http://23.251.155.152/pub/media/catalog/product/k/a/kahrsfsn.jpg,"Out of Stock",New,,,72.9900
10468,,Adhesive,"Mohawk Aladdin Pressure Sensitive Adhesive R1000 - 4 gal bucket","Mohawk Aladdin Pressure Sensitive Adhesive R1000 - 4 gal bucket",http://23.251.155.152/mohawk-aladdin-pressure-sensitive-adhesive-r1000-4-gal-bucket/hardwood/catalog_10468.htm?SID=g1jh47oor0s8htddin2mjrsjd0,http://23.251.155.152/pub/media/catalog/product/m/h/mhw_r1000-enpress-psa-4-gallon.jpg,"Out of Stock",New,,,129.9900
10146,,Laminate,"Quick-Step Dominion Collection: Overlap Stair Nose  Malaysian Merbau Planks - 78.7"" Long","Quick-Step Dominion Collection: Overlap Stair Nose  Malaysian Merbau Planks - 78.7"" Long",http://23.251.155.152/quick-step-dominion-collection-overlap-stair-nose-malaysian-merbau-planks-78-7-long/laminate/catalog_10146.htm?SID=g1jh47oor0s8htddin2mjrsjd0,http://23.251.155.152/pub/media/catalog/product/q/s/qssn.jpg,"Out of Stock",New,,,42.9900
10470,,"Molding Wall Base","Roppe 800 Series Vinyl Wall Base: Black Brown 193 - 2 1/2"" x 120' Roll ","Roppe 800 Series Vinyl Wall Base: Black Brown 193 - 2 1/2"" x 120' Roll ",http://23.251.155.152/roppe-800-series-vinyl-wall-base-black-brown-193-2-1-2-x-120-roll/roppe/catalog_10470.htm?SID=g1jh47oor0s8htddin2mjrsjd0,http://23.251.155.152/pub/media/catalog/product/1/9/193.jpg,"Out of Stock",New,,,78.9900
10179,,Hardwood,"Armstrong Performance Plus: Overlap Stair Nose Mineral Hue Hickory - 78"" Long","Armstrong Performance Plus: Overlap Stair Nose Mineral Hue Hickory - 78"" Long",http://23.251.155.152//armstrong-performance-plus-overlap-stair-nose-mineral-hue-hickory-78-long/hardwood/catalog_10179.htm?SID=g1jh47oor0s8htddin2mjrsjd0,http://23.251.155.152/pub/media/catalog/product/b/r/brucehardwoodstairnose.jpg,"Out of Stock",New,,,79.9900
10188,,Laminate,"Shaw Landscapes: Reducer Holbrook Maple - 94"" Long","Shaw Landscapes: Reducer Holbrook Maple - 94"" Long",http://23.251.155.152/shaw-landscapes-reducer-holbrook-maple-94-long/laminate/catalog_10188.htm?SID=g1jh47oor0s8htddin2mjrsjd0,http://23.251.155.152/pub/media/catalog/productLamReducer.jpg,"Out of Stock",New,,,24.9900
105020,,Laminate,"Armstrong Premier Classics Laminate Flooring: Flush Stair Nose English Elm - 47"" Long","Armstrong Premier Classics Laminate Flooring: Flush Stair Nose English Elm - 47"" Long",http://23.251.155.152/armstrong-premier-classics-laminate-flooring-flush-stair-nose-english-elm-47-long/laminate/catalog_105020.htm?SID=g1jh47oor0s8htddin2mjrsjd0,http://23.251.155.152/pub/media/catalog/productArmUnvSN.jpg,"Out of Stock",New,,,29.9900
105022,,Hardwood,"Bruce Turlington Plank Oak: Threshold Natural - 78"" Long","Bruce Turlington Plank Oak: Threshold Natural - 78"" Long",http://23.251.155.152//bruce-turlington-plank-oak-threshold-natural-78-long/hardwood/catalog_105022.htm?SID=g1jh47oor0s8htddin2mjrsjd0,http://23.251.155.152/pub/media/catalog/product/b/r/brucehardwoodthreshold.jpg,"Out of Stock",New,,,22.9900
10477,,"Luxury Vinyl","USFloors Coretec Plus: Reducer Blackstone Oak Engineered Luxury Vinyl Plank with Cork Comfort - 94"" Long","USFloors Coretec Plus: Reducer Blackstone Oak Engineered Luxury Vinyl Plank with Cork Comfort - 94"" Long",http://23.251.155.152//usfloors-coretec-plus-reducer-blackstone-oak-engineered-luxury-vinyl-plank-with-cork-comfort-94-long/luxury-vinyl-tile/catalog_10477.htm?SID=g1jh47oor0s8htddin2mjrsjd0,http://23.251.155.152/pub/media/catalog/product/b/r/brucehardwoodreducer.jpg,"Out of Stock",New,,,42.9900
105025,,Hardwood,"Bruce Rustic Heritage Acacia: Flush Stair Nose Tinted Taupe - 78"" Long","Bruce Rustic Heritage Acacia: Flush Stair Nose Tinted Taupe - 78"" Long",http://23.251.155.152//bruce-rustic-heritage-acacia-flush-stair-nose-tinted-taupe-78-long/hardwood/catalog_105025.htm?SID=g1jh47oor0s8htddin2mjrsjd0,http://23.251.155.152/pub/media/catalog/product/b/r/brucehardwoodstairnose.jpg,"Out of Stock",New,,,99.9900
1050,,Cork,"Wicanders Series 1000 Panel - Identity Collection Chestnut Threshold - 78"" Long","Wicanders Series 1000 Panel - Identity Collection Chestnut Threshold - 78"" Long",http://23.251.155.152/wicanders-series-1000-panel-identity-collection-chestnut-threshold-78-long/cork/catalog_1050.htm?SID=g1jh47oor0s8htddin2mjrsjd0,http://23.251.155.152/pub/media/catalog/producthttp://www1.gowebpix.com/efloors/1050.jpg,"Out of Stock",New,,,58.9900
105079,,Laminate,"Mannington Restoration Collection: Reducer Sawmill Hickory Leather - 94"" Long","Mannington Restoration Collection: Reducer Sawmill Hickory Leather - 94"" Long",http://23.251.155.152/mannington-restoration-collection-reducer-sawmill-hickory-leather-94-long/laminate/catalog_105079.htm?SID=g1jh47oor0s8htddin2mjrsjd0,http://23.251.155.152/pub/media/catalog/productLamReducer.jpg,"Out of Stock",New,,,45.9900
105083,,"Molding Wall Base","Roppe 700 Series Rubber Wall Base: Fawn 140 - Inside Corners - Pack of 25","Roppe 700 Series Rubber Wall Base: Fawn 140 - Inside Corners - Pack of 25",http://23.251.155.152/roppe-700-series-rubber-wall-base-fawn-140-inside-corners-pack-of-25/accessories/johnsonite/catalog_105083.htm?SID=g1jh47oor0s8htddin2mjrsjd0,http://23.251.155.152/pub/media/catalog/producthttp://www1.gowebpix.com/efloors/105083.jpg,"Out of Stock",New,,,49.9900
11010,,Hardwood,"Bruce Hardwood Flooring by Armstrong American Originals Maple Plank:  T-Mold Santa Fe - 78"" Long","Bruce Hardwood Flooring by Armstrong American Originals Maple Plank:  T-Mold Santa Fe - 78"" Long",http://23.251.155.152//bruce-hardwood-flooring-by-armstrong-american-originals-maple-plank-t-mold-santa-fe-78-long/accessories/moldings-and-transitions-for-hardwood-floors/catalog_11010.htm?SID=g1jh47oor0s8htddin2mjrsjd0,http://23.251.155.152/pub/media/catalog/product/b/r/brucehardwoodtmold.jpg,"Out of Stock",New,,,39.9900
11035,,Laminate,"Mannington Coordinations Honey Canterbury Oak T-mold - 94"" Long","Mannington Coordinations Honey Canterbury Oak T-mold - 94"" Long",http://23.251.155.152/mannington-coordinations-honey-canterbury-oak-t-mold-94-long/accessories/moldings-and-transitions-for-laminate-floors/catalog_11035.htm?SID=g1jh47oor0s8htddin2mjrsjd0,http://23.251.155.152/pub/media/catalog/productLamTMolding.jpg,"Out of Stock",New,,,34.9900
11041,,Laminate,"Mannington Coordinations Honey Spalted Maple Reducer - 94"" Long","Mannington Coordinations Honey Spalted Maple Reducer - 94"" Long",http://23.251.155.152/mannington-coordinations-honey-spalted-maple-reducer-94-long/accessories/moldings-and-transitions-for-laminate-floors/catalog_11041.htm?SID=g1jh47oor0s8htddin2mjrsjd0,http://23.251.155.152/pub/media/catalog/productLamReducer.jpg,"Out of Stock",New,,,24.9900
105080,,Laminate,"Mannington Restoration Collection: Quarter Round Sawmill Hickory Leather - 94"" Long","Mannington Restoration Collection: Quarter Round Sawmill Hickory Leather - 94"" Long",http://23.251.155.152//mannington-restoration-collection-quarter-round-sawmill-hickory-leather-94-long/laminate/catalog_105080.htm?SID=g1jh47oor0s8htddin2mjrsjd0,http://23.251.155.152/pub/media/catalog/productLamQuartRound.jpg,"Out of Stock",New,,,19.9900
11003,,Laminate,"Bruce Reserve:  Quarter Round Windsor Maple - 94"" Long","Bruce Reserve:  Quarter Round Windsor Maple - 94"" Long",http://23.251.155.152//bruce-reserve-quarter-round-windsor-maple-94-long/accessories/moldings-and-transitions-for-laminate-floors/catalog_11003.htm?SID=g1jh47oor0s8htddin2mjrsjd0,http://23.251.155.152/pub/media/catalog/productArmQtrRnd.jpg,"Out of Stock",New,,,12.9900
11032,,Laminate,"Mannington Coordinations Honey Canterbury Oak Quarter Round 94"" Long","Mannington Coordinations Honey Canterbury Oak Quarter Round 94"" Long",http://23.251.155.152//mannington-coordinations-honey-canterbury-oak-quarter-round-94-long/accessories/moldings-and-transitions-for-laminate-floors/catalog_11032.htm?SID=g1jh47oor0s8htddin2mjrsjd0,http://23.251.155.152/pub/media/catalog/productLamQuartRound.jpg,"Out of Stock",New,,,19.9900
11037,,Laminate,"Mannington Coordinations Honey Ohio Oak Reducer - 94"" Long","Mannington Coordinations Honey Ohio Oak Reducer - 94"" Long",http://23.251.155.152/mannington-coordinations-honey-ohio-oak-reducer-94-long/accessories/moldings-and-transitions-for-laminate-floors/catalog_11037.htm?SID=g1jh47oor0s8htddin2mjrsjd0,http://23.251.155.152/pub/media/catalog/productLamReducer.jpg,"Out of Stock",New,,,24.9900
1110,,Cork,"USFloors Natural Cork EcoCork:  Threshold Rio - 72"" Long","USFloors Natural Cork EcoCork:  Threshold Rio - 72"" Long",http://23.251.155.152/usfloors-natural-cork-ecocork-threshold-rio-72-long/accessories/moldings-and-transitions-for-cork-floors/catalog_1110.htm?SID=g1jh47oor0s8htddin2mjrsjd0,http://23.251.155.152/pub/media/catalog/product/c/o/corkbt.jpg,"Out of Stock",New,,,35.9900
105081,,Laminate,"Bruce Heritage Heights: T-mold Beech - 72"" Long","Bruce Heritage Heights: T-mold Beech - 72"" Long",http://23.251.155.152/bruce-heritage-heights-t-mold-beech-72-long/laminate/catalog_105081.htm?SID=g1jh47oor0s8htddin2mjrsjd0,http://23.251.155.152/pub/media/catalog/productArmTMold.jpg,"Out of Stock",New,,,14.9900
11004,,Laminate,"Bruce Reserve:  Multi-Purpose Reducer Windsor Maple - 72"" Long","Bruce Reserve:  Multi-Purpose Reducer Windsor Maple - 72"" Long",http://23.251.155.152/bruce-reserve-multi-purpose-reducer-windsor-maple-72-long/accessories/moldings-and-transitions-for-laminate-floors/catalog_11004.htm?SID=g1jh47oor0s8htddin2mjrsjd0,http://23.251.155.152/pub/media/catalog/productArmReducer.jpg,"Out of Stock",New,,,25.9900
11033,,Laminate,"Mannington Coordinations Honey Canterbury Oak Reducer - 94"" Long","Mannington Coordinations Honey Canterbury Oak Reducer - 94"" Long",http://23.251.155.152/mannington-coordinations-honey-canterbury-oak-reducer-94-long/accessories/moldings-and-transitions-for-laminate-floors/catalog_11033.htm?SID=g1jh47oor0s8htddin2mjrsjd0,http://23.251.155.152/pub/media/catalog/productLamReducer.jpg,"Out of Stock",New,,,24.9900
1104,,Cork,"USFloors Natural Cork EcoCork:  Reducer Rio - 72"" Long","USFloors Natural Cork EcoCork:  Reducer Rio - 72"" Long",http://23.251.155.152//usfloors-natural-cork-ecocork-reducer-rio-72-long/accessories/moldings-and-transitions-for-cork-floors/catalog_1104.htm?SID=g1jh47oor0s8htddin2mjrsjd0,http://23.251.155.152/pub/media/catalog/product/c/o/corkrd.jpg,"Out of Stock",New,,,33.9900
11103,,Laminate,"Quick-Step Eligna:  Stair Nose Afrormosia - 78.7"" Long","Quick-Step Eligna:  Stair Nose Afrormosia - 78.7"" Long",http://23.251.155.152/quick-step-eligna-stair-nose-afrormosia-78-7-long/laminate/catalog_11103.htm?SID=g1jh47oor0s8htddin2mjrsjd0,http://23.251.155.152/pub/media/catalog/product/q/s/qssn.jpg,"Out of Stock",New,,,29.9900
105077,,Laminate,"Mannington Restoration Collection: T-mold Sawmill Hickory Leather - 94"" Long","Mannington Restoration Collection: T-mold Sawmill Hickory Leather - 94"" Long",http://23.251.155.152/mannington-restoration-collection-t-mold-sawmill-hickory-leather-94-long/laminate/catalog_105077.htm?SID=g1jh47oor0s8htddin2mjrsjd0,http://23.251.155.152/pub/media/catalog/productLamTMolding.jpg,"Out of Stock",New,,,42.9900
105082,,Laminate,"Bruce Heritage Heights: Reducer Beech - 72"" Long","Bruce Heritage Heights: Reducer Beech - 72"" Long",http://23.251.155.152/bruce-heritage-heights-reducer-beech-72-long/laminate/catalog_105082.htm?SID=g1jh47oor0s8htddin2mjrsjd0,http://23.251.155.152/pub/media/catalog/productArmReducer.jpg,"Out of Stock",New,,,25.9900
11005,,Laminate,"Bruce Reserve:  Flush Stair Nose Windsor Maple - 47"" Long","Bruce Reserve:  Flush Stair Nose Windsor Maple - 47"" Long",http://23.251.155.152/bruce-reserve-flush-stair-nose-windsor-maple-47-long/accessories/moldings-and-transitions-for-laminate-floors/catalog_11005.htm?SID=g1jh47oor0s8htddin2mjrsjd0,http://23.251.155.152/pub/media/catalog/productArmUnvSN.jpg,"Out of Stock",New,,,22.9900
11034,,Laminate,"Mannington Coordinations Honey Canterbury Oak Stair Nose - 94"" Long","Mannington Coordinations Honey Canterbury Oak Stair Nose - 94"" Long",http://23.251.155.152/mannington-coordinations-honey-canterbury-oak-stair-nose-94-long/accessories/moldings-and-transitions-for-laminate-floors/catalog_11034.htm?SID=g1jh47oor0s8htddin2mjrsjd0,http://23.251.155.152/pub/media/catalog/productLamStairnose.jpg,"Out of Stock",New,,,34.9900
11040,,Laminate,"Mannington Coordinations Honey Spalted Maple Quarter Round 94"" Long","Mannington Coordinations Honey Spalted Maple Quarter Round 94"" Long",http://23.251.155.152//mannington-coordinations-honey-spalted-maple-quarter-round-94-long/accessories/moldings-and-transitions-for-laminate-floors/catalog_11040.htm?SID=g1jh47oor0s8htddin2mjrsjd0,http://23.251.155.152/pub/media/catalog/productLamQuartRound.jpg,"Out of Stock",New,,,19.9900
10891,,Tile,"Mannington Seascape: Bullnose Sandstorm - 3"" x 13""","Mannington Seascape: Bullnose Sandstorm - 3"" x 13""",http://23.251.155.152/mannington-seascape-bullnose-sandstorm-3-x-13/tile/catalog_10891.htm?SID=g1jh47oor0s8htddin2mjrsjd0,http://23.251.155.152/pub/media/catalog/product/b/u/bullnose.jpg,"Out of Stock",New,10.0000,,5.9900
1107,,Cork,"USFloors Natural Cork EcoCork:  T-Mold Rio - 72"" Long","USFloors Natural Cork EcoCork:  T-Mold Rio - 72"" Long",http://23.251.155.152//usfloors-natural-cork-ecocork-t-mold-rio-72-long/accessories/moldings-and-transitions-for-cork-floors/catalog_1107.htm?SID=g1jh47oor0s8htddin2mjrsjd0,http://23.251.155.152/pub/media/catalog/product/c/o/corktm.jpg,"Out of Stock",New,,,32.9900
